<?xml version="1.0" encoding="UTF-8"?>

<mule xmlns:validation="http://www.mulesoft.org/schema/mule/validation" xmlns:context="http://www.springframework.org/schema/context" xmlns:dw="http://www.mulesoft.org/schema/mule/ee/dw" xmlns:db="http://www.mulesoft.org/schema/mule/db" xmlns:metadata="http://www.mulesoft.org/schema/mule/metadata" xmlns:json="http://www.mulesoft.org/schema/mule/json" xmlns:http="http://www.mulesoft.org/schema/mule/http" xmlns:apikit="http://www.mulesoft.org/schema/mule/apikit" xmlns:tracking="http://www.mulesoft.org/schema/mule/ee/tracking" xmlns="http://www.mulesoft.org/schema/mule/core" xmlns:doc="http://www.mulesoft.org/schema/mule/documentation"
	xmlns:spring="http://www.springframework.org/schema/beans" 
	xmlns:xsi="http://www.w3.org/2001/XMLSchema-instance"
	xsi:schemaLocation="http://www.springframework.org/schema/beans http://www.springframework.org/schema/beans/spring-beans-current.xsd
http://www.mulesoft.org/schema/mule/core http://www.mulesoft.org/schema/mule/core/current/mule.xsd
http://www.mulesoft.org/schema/mule/http http://www.mulesoft.org/schema/mule/http/current/mule-http.xsd
http://www.mulesoft.org/schema/mule/apikit http://www.mulesoft.org/schema/mule/apikit/current/mule-apikit.xsd
http://www.mulesoft.org/schema/mule/ee/tracking http://www.mulesoft.org/schema/mule/ee/tracking/current/mule-tracking-ee.xsd
http://www.mulesoft.org/schema/mule/json http://www.mulesoft.org/schema/mule/json/current/mule-json.xsd
http://www.mulesoft.org/schema/mule/db http://www.mulesoft.org/schema/mule/db/current/mule-db.xsd
http://www.mulesoft.org/schema/mule/ee/dw http://www.mulesoft.org/schema/mule/ee/dw/current/dw.xsd
http://www.springframework.org/schema/context http://www.springframework.org/schema/context/spring-context-current.xsd
http://www.mulesoft.org/schema/mule/validation http://www.mulesoft.org/schema/mule/validation/current/mule-validation.xsd">
       <context:property-placeholder location="mule-app.properties,mensajes.properties"/>
    
    <http:listener-config name="HTTP_Listener_Configuration" host="0.0.0.0" port="8081" doc:name="HTTP Listener Configuration"/>
    <apikit:config name="Router" raml="banco.raml" consoleEnabled="true" consolePath="console" doc:name="Router">
        <apikit:flow-mapping resource="/cuenta/crear" action="post" content-type="application/json" flow-ref="crear"/>
        <apikit:flow-mapping resource="/cuenta/buscar/{number}" action="get" flow-ref="buscar"/>
        <apikit:flow-mapping resource="/cuenta/listar" action="get" flow-ref="listar"/>
    </apikit:config>
    <db:generic-config name="Generic_Database_Configuration" url="jdbc:postgresql://${bd.host}:${bd.port}/${bd.nombre}?user=${bd.user}&amp;password=${bd.password}" driverClassName="org.postgresql.Driver" doc:name="Generic Database Configuration"/>
    <flow name="ejemplobdFlow">
        <http:listener config-ref="HTTP_Listener_Configuration" path="/*" doc:name="HTTP"/>
        <apikit:router config-ref="Router" doc:name="APIkit Router"/>
        <exception-strategy ref="ejemplobdChoice_Exception_Strategy" doc:name="Reference Exception Strategy"/>
    </flow>
    <choice-exception-strategy name="ejemplobdChoice_Exception_Strategy">
        <catch-exception-strategy when="#[exception.causeMatches('*ValidationException')]" doc:name="Catch Exception Strategy">
            <set-property propertyName="http.status" value="#[500]" doc:name="Property"/>
            <set-payload value="{&quot;code&quot;:&quot;-1&quot;,&quot;message&quot;:&quot;#[exception.message]&quot;}" encoding="UTF-8" mimeType="application/json" doc:name="Set Payload"/>
        </catch-exception-strategy>
        <catch-exception-strategy when="#[exception.causeMatches('*NotFoundException')]" doc:name="Catch Exception Strategy">
            <set-property propertyName="http.status" value="#[404]" doc:name="Copy_of_Property"/>
            <set-payload value="{&quot;code&quot;:&quot;-2&quot;,&quot;message&quot;:&quot;Servicio no existe&quot;}" encoding="UTF-8" mimeType="application/json" doc:name="Copy_of_Set Payload"/>
        </catch-exception-strategy>
    </choice-exception-strategy>
    <flow name="crear">
        <json:validate-schema schemaLocation="esquemas/cuenta.json" doc:name="Validate JSON Schema"/>
        <json:json-to-object-transformer returnClass="java.util.HashMap" doc:name="JSON to Object"/>
        <validation:all doc:name="validacion tel y balance">
            <validation:validations>
                <validation:is-true expression="#[payload.balance&gt;0]" message="El balance debe ser mayor que cero"/>
                <validation:matches-regex value="#[payload.customer.phone]" regex="[0-9]{10,15}" message="${excepcion.validaciontel}"/>
            </validation:validations>
        </validation:all>
        <db:insert config-ref="Generic_Database_Configuration" doc:name="Database">
            <db:parameterized-query><![CDATA[INSERT INTO cuenta (codigo,  saldo, cliente_cedula, tipo_id,cancelada) 
VALUES (#[payload.number],#[payload.balance],#[payload.customer.id],#[payload.tipo],false)]]></db:parameterized-query>
        </db:insert>
        <set-payload value="{&quot;code&quot;:&quot;00&quot;,&quot;message&quot;:&quot;OK&quot;}" doc:name="Set Payload"/>
    </flow>
    <flow name="buscar">
        <db:select config-ref="Generic_Database_Configuration" doc:name="Database">
            <db:parameterized-query><![CDATA[select * from cuenta acc join cliente cli on(cli.cedula=acc.cliente_cedula) WHERE
acc.codigo=#[message.inboundProperties['http.uri.params']['number']]]]></db:parameterized-query>
        </db:select>
        <dw:transform-message metadata:id="aed58b18-58e4-4077-aac3-ee42ed512994" doc:name="Transform Message">
            <dw:set-payload><![CDATA[%dw 1.0
%output application/json
---
{
	code:p('ok.code'),
	response:p('ok.message'),
obj:
payload map ((payload01 , indexOfPayload01) -> {
	number: payload01.codigo,
	balance: payload01.saldo,
	customer: {
		id: payload01.cliente_cedula,
		name: payload01.nombre,
		phone: payload01.telefono,
		user: payload01.usuario
	},
	tipo: payload01.tipo_id as :string,
	cancelada: payload01.cancelada
})
}
]]></dw:set-payload>
        </dw:transform-message>
    </flow>
    <flow name="listar">
        <json:json-to-object-transformer returnClass="java.util.ArrayList" doc:name="JSON to Object"/>
        <collection-splitter doc:name="Collection Splitter"/>
    </flow>
</mule>
