{
  "$schema": "http://json-schema.org/draft-04/schema#",
  "type": "object",
  "properties": {
    "number": {
      "type": "string"
    },
    "balance": {
      "type": "integer"
    },
    "customer": {
      "type": "object",
      "properties": {
        "id": {
          "type": "string"
        },
        "name": {
          "type": "string"
        },
        "phone": {
          "type": "string"
        },
        "user": {
          "type": "string"
        }
      },
      "required": [
        "id",
        "name",
        "phone",
        "user"
      ]
    },
    "tipo": {
      "type": "string"
    },
    "cancelada": {
      "type": "boolean"
    }
  },
  "required": [
    "number",
    "balance",
    "customer",
    "tipo",
    "cancelada"
  ]
}