<custom__type__definition>
  <version>5.2.0.0</version>
  <typeName class="org.mule.common.metadata.DefaultMetaDataKey">
    <id>jsoncuenta</id>
    <displayName>jsoncuenta</displayName>
    <category>DEFAULT</category>
    <metaDataKeyPropertiesManager>
      <properties>
        <org.mule.common.metadata.key.property.dsql.DsqlFromMetaDataKeyProperty/>
      </properties>
    </metaDataKeyPropertiesManager>
  </typeName>
  <metadataModel class="org.mule.common.metadata.DefaultStructuredMetadataModel">
    <dataType>JSON</dataType>
    <metaDataModelPropertiesManager>
      <properties>
        <org.mule.common.metadata.property.TextBasedExampleMetaDataModelProperty>
          <exampleContent>/Users/caferrerb/Dropbox/Universidad/EAM/2017-I/compiladores/wkmuleclase/ejemplobd/src/main/api/ejemplos/cuenta.json</exampleContent>
        </org.mule.common.metadata.property.TextBasedExampleMetaDataModelProperty>
        <org.mule.tooling.metadata.properties.DefinitionEditorModeType>
          <mode>EXAMPLE</mode>
          <path>src/main/api/ejemplos/cuenta.json</path>
        </org.mule.tooling.metadata.properties.DefinitionEditorModeType>
      </properties>
    </metaDataModelPropertiesManager>
    <fields>
      <org.mule.common.metadata.DefaultMetaDataField>
        <name>number</name>
        <model class="org.mule.common.metadata.DefaultSimpleMetaDataModel">
          <dataType>STRING</dataType>
          <metaDataModelPropertiesManager>
            <properties/>
          </metaDataModelPropertiesManager>
        </model>
        <accessType>READ_WRITE</accessType>
        <metaDataFieldPropertyManager>
          <properties>
            <org.mule.common.metadata.field.property.dsql.DsqlSelectMetaDataFieldProperty/>
            <org.mule.common.metadata.field.property.dsql.DsqlWhereMetaDataFieldProperty/>
            <org.mule.common.metadata.field.property.dsql.DsqlOrderMetaDataFieldProperty/>
            <org.mule.common.metadata.field.property.dsql.DsqlQueryOperatorsMetaDataFieldProperty>
              <supportedOperators>
                <org.mule.common.query.expression.LessOperator/>
                <org.mule.common.query.expression.LessOrEqualsOperator/>
                <org.mule.common.query.expression.EqualsOperator/>
                <org.mule.common.query.expression.GreaterOperator/>
                <org.mule.common.query.expression.GreaterOrEqualsOperator/>
                <org.mule.common.query.expression.NotEqualsOperator/>
                <org.mule.common.query.expression.LikeOperator/>
              </supportedOperators>
            </org.mule.common.metadata.field.property.dsql.DsqlQueryOperatorsMetaDataFieldProperty>
          </properties>
        </metaDataFieldPropertyManager>
      </org.mule.common.metadata.DefaultMetaDataField>
      <org.mule.common.metadata.DefaultMetaDataField>
        <name>balance</name>
        <model class="org.mule.common.metadata.DefaultSimpleMetaDataModel">
          <dataType>INTEGER</dataType>
          <metaDataModelPropertiesManager>
            <properties/>
          </metaDataModelPropertiesManager>
        </model>
        <accessType>READ_WRITE</accessType>
        <metaDataFieldPropertyManager>
          <properties>
            <org.mule.common.metadata.field.property.dsql.DsqlSelectMetaDataFieldProperty/>
            <org.mule.common.metadata.field.property.dsql.DsqlWhereMetaDataFieldProperty/>
            <org.mule.common.metadata.field.property.dsql.DsqlOrderMetaDataFieldProperty/>
            <org.mule.common.metadata.field.property.dsql.DsqlQueryOperatorsMetaDataFieldProperty>
              <supportedOperators>
                <org.mule.common.query.expression.LessOperator/>
                <org.mule.common.query.expression.LessOrEqualsOperator/>
                <org.mule.common.query.expression.EqualsOperator/>
                <org.mule.common.query.expression.GreaterOperator/>
                <org.mule.common.query.expression.GreaterOrEqualsOperator/>
                <org.mule.common.query.expression.NotEqualsOperator/>
              </supportedOperators>
            </org.mule.common.metadata.field.property.dsql.DsqlQueryOperatorsMetaDataFieldProperty>
          </properties>
        </metaDataFieldPropertyManager>
      </org.mule.common.metadata.DefaultMetaDataField>
      <org.mule.common.metadata.DefaultMetaDataField>
        <name>customer</name>
        <model class="org.mule.common.metadata.DefaultStructuredMetadataModel">
          <dataType>JSON</dataType>
          <metaDataModelPropertiesManager>
            <properties/>
          </metaDataModelPropertiesManager>
          <fields>
            <org.mule.common.metadata.DefaultMetaDataField>
              <name>id</name>
              <model class="org.mule.common.metadata.DefaultSimpleMetaDataModel">
                <dataType>STRING</dataType>
                <metaDataModelPropertiesManager>
                  <properties/>
                </metaDataModelPropertiesManager>
              </model>
              <accessType>READ_WRITE</accessType>
              <metaDataFieldPropertyManager>
                <properties>
                  <org.mule.common.metadata.field.property.dsql.DsqlSelectMetaDataFieldProperty/>
                  <org.mule.common.metadata.field.property.dsql.DsqlWhereMetaDataFieldProperty/>
                  <org.mule.common.metadata.field.property.dsql.DsqlOrderMetaDataFieldProperty/>
                  <org.mule.common.metadata.field.property.dsql.DsqlQueryOperatorsMetaDataFieldProperty>
                    <supportedOperators>
                      <org.mule.common.query.expression.LessOperator/>
                      <org.mule.common.query.expression.LessOrEqualsOperator/>
                      <org.mule.common.query.expression.EqualsOperator/>
                      <org.mule.common.query.expression.GreaterOperator/>
                      <org.mule.common.query.expression.GreaterOrEqualsOperator/>
                      <org.mule.common.query.expression.NotEqualsOperator/>
                      <org.mule.common.query.expression.LikeOperator/>
                    </supportedOperators>
                  </org.mule.common.metadata.field.property.dsql.DsqlQueryOperatorsMetaDataFieldProperty>
                </properties>
              </metaDataFieldPropertyManager>
            </org.mule.common.metadata.DefaultMetaDataField>
            <org.mule.common.metadata.DefaultMetaDataField>
              <name>name</name>
              <model class="org.mule.common.metadata.DefaultSimpleMetaDataModel">
                <dataType>STRING</dataType>
                <metaDataModelPropertiesManager>
                  <properties/>
                </metaDataModelPropertiesManager>
              </model>
              <accessType>READ_WRITE</accessType>
              <metaDataFieldPropertyManager>
                <properties>
                  <org.mule.common.metadata.field.property.dsql.DsqlSelectMetaDataFieldProperty/>
                  <org.mule.common.metadata.field.property.dsql.DsqlWhereMetaDataFieldProperty/>
                  <org.mule.common.metadata.field.property.dsql.DsqlOrderMetaDataFieldProperty/>
                  <org.mule.common.metadata.field.property.dsql.DsqlQueryOperatorsMetaDataFieldProperty>
                    <supportedOperators>
                      <org.mule.common.query.expression.LessOperator/>
                      <org.mule.common.query.expression.LessOrEqualsOperator/>
                      <org.mule.common.query.expression.EqualsOperator/>
                      <org.mule.common.query.expression.GreaterOperator/>
                      <org.mule.common.query.expression.GreaterOrEqualsOperator/>
                      <org.mule.common.query.expression.NotEqualsOperator/>
                      <org.mule.common.query.expression.LikeOperator/>
                    </supportedOperators>
                  </org.mule.common.metadata.field.property.dsql.DsqlQueryOperatorsMetaDataFieldProperty>
                </properties>
              </metaDataFieldPropertyManager>
            </org.mule.common.metadata.DefaultMetaDataField>
            <org.mule.common.metadata.DefaultMetaDataField>
              <name>phone</name>
              <model class="org.mule.common.metadata.DefaultSimpleMetaDataModel">
                <dataType>STRING</dataType>
                <metaDataModelPropertiesManager>
                  <properties/>
                </metaDataModelPropertiesManager>
              </model>
              <accessType>READ_WRITE</accessType>
              <metaDataFieldPropertyManager>
                <properties>
                  <org.mule.common.metadata.field.property.dsql.DsqlSelectMetaDataFieldProperty/>
                  <org.mule.common.metadata.field.property.dsql.DsqlWhereMetaDataFieldProperty/>
                  <org.mule.common.metadata.field.property.dsql.DsqlOrderMetaDataFieldProperty/>
                  <org.mule.common.metadata.field.property.dsql.DsqlQueryOperatorsMetaDataFieldProperty>
                    <supportedOperators>
                      <org.mule.common.query.expression.LessOperator/>
                      <org.mule.common.query.expression.LessOrEqualsOperator/>
                      <org.mule.common.query.expression.EqualsOperator/>
                      <org.mule.common.query.expression.GreaterOperator/>
                      <org.mule.common.query.expression.GreaterOrEqualsOperator/>
                      <org.mule.common.query.expression.NotEqualsOperator/>
                      <org.mule.common.query.expression.LikeOperator/>
                    </supportedOperators>
                  </org.mule.common.metadata.field.property.dsql.DsqlQueryOperatorsMetaDataFieldProperty>
                </properties>
              </metaDataFieldPropertyManager>
            </org.mule.common.metadata.DefaultMetaDataField>
            <org.mule.common.metadata.DefaultMetaDataField>
              <name>user</name>
              <model class="org.mule.common.metadata.DefaultSimpleMetaDataModel">
                <dataType>STRING</dataType>
                <metaDataModelPropertiesManager>
                  <properties/>
                </metaDataModelPropertiesManager>
              </model>
              <accessType>READ_WRITE</accessType>
              <metaDataFieldPropertyManager>
                <properties>
                  <org.mule.common.metadata.field.property.dsql.DsqlSelectMetaDataFieldProperty/>
                  <org.mule.common.metadata.field.property.dsql.DsqlWhereMetaDataFieldProperty/>
                  <org.mule.common.metadata.field.property.dsql.DsqlOrderMetaDataFieldProperty/>
                  <org.mule.common.metadata.field.property.dsql.DsqlQueryOperatorsMetaDataFieldProperty>
                    <supportedOperators>
                      <org.mule.common.query.expression.LessOperator/>
                      <org.mule.common.query.expression.LessOrEqualsOperator/>
                      <org.mule.common.query.expression.EqualsOperator/>
                      <org.mule.common.query.expression.GreaterOperator/>
                      <org.mule.common.query.expression.GreaterOrEqualsOperator/>
                      <org.mule.common.query.expression.NotEqualsOperator/>
                      <org.mule.common.query.expression.LikeOperator/>
                    </supportedOperators>
                  </org.mule.common.metadata.field.property.dsql.DsqlQueryOperatorsMetaDataFieldProperty>
                </properties>
              </metaDataFieldPropertyManager>
            </org.mule.common.metadata.DefaultMetaDataField>
          </fields>
        </model>
        <accessType>READ_WRITE</accessType>
        <metaDataFieldPropertyManager>
          <properties>
            <org.mule.common.metadata.field.property.dsql.DsqlSelectMetaDataFieldProperty/>
            <org.mule.common.metadata.field.property.dsql.DsqlWhereMetaDataFieldProperty/>
            <org.mule.common.metadata.field.property.dsql.DsqlOrderMetaDataFieldProperty/>
            <org.mule.common.metadata.field.property.dsql.DsqlQueryOperatorsMetaDataFieldProperty>
              <supportedOperators/>
            </org.mule.common.metadata.field.property.dsql.DsqlQueryOperatorsMetaDataFieldProperty>
          </properties>
        </metaDataFieldPropertyManager>
      </org.mule.common.metadata.DefaultMetaDataField>
      <org.mule.common.metadata.DefaultMetaDataField>
        <name>tipo</name>
        <model class="org.mule.common.metadata.DefaultSimpleMetaDataModel">
          <dataType>STRING</dataType>
          <metaDataModelPropertiesManager>
            <properties/>
          </metaDataModelPropertiesManager>
        </model>
        <accessType>READ_WRITE</accessType>
        <metaDataFieldPropertyManager>
          <properties>
            <org.mule.common.metadata.field.property.dsql.DsqlSelectMetaDataFieldProperty/>
            <org.mule.common.metadata.field.property.dsql.DsqlWhereMetaDataFieldProperty/>
            <org.mule.common.metadata.field.property.dsql.DsqlOrderMetaDataFieldProperty/>
            <org.mule.common.metadata.field.property.dsql.DsqlQueryOperatorsMetaDataFieldProperty>
              <supportedOperators>
                <org.mule.common.query.expression.LessOperator/>
                <org.mule.common.query.expression.LessOrEqualsOperator/>
                <org.mule.common.query.expression.EqualsOperator/>
                <org.mule.common.query.expression.GreaterOperator/>
                <org.mule.common.query.expression.GreaterOrEqualsOperator/>
                <org.mule.common.query.expression.NotEqualsOperator/>
                <org.mule.common.query.expression.LikeOperator/>
              </supportedOperators>
            </org.mule.common.metadata.field.property.dsql.DsqlQueryOperatorsMetaDataFieldProperty>
          </properties>
        </metaDataFieldPropertyManager>
      </org.mule.common.metadata.DefaultMetaDataField>
      <org.mule.common.metadata.DefaultMetaDataField>
        <name>cancelada</name>
        <model class="org.mule.common.metadata.DefaultSimpleMetaDataModel">
          <dataType>BOOLEAN</dataType>
          <metaDataModelPropertiesManager>
            <properties/>
          </metaDataModelPropertiesManager>
        </model>
        <accessType>READ_WRITE</accessType>
        <metaDataFieldPropertyManager>
          <properties>
            <org.mule.common.metadata.field.property.dsql.DsqlSelectMetaDataFieldProperty/>
            <org.mule.common.metadata.field.property.dsql.DsqlWhereMetaDataFieldProperty/>
            <org.mule.common.metadata.field.property.dsql.DsqlOrderMetaDataFieldProperty/>
            <org.mule.common.metadata.field.property.dsql.DsqlQueryOperatorsMetaDataFieldProperty>
              <supportedOperators class="java.util.Arrays$ArrayList">
                <a class="org.mule.common.query.expression.Operator-array">
                  <org.mule.common.query.expression.EqualsOperator/>
                  <org.mule.common.query.expression.NotEqualsOperator/>
                </a>
              </supportedOperators>
            </org.mule.common.metadata.field.property.dsql.DsqlQueryOperatorsMetaDataFieldProperty>
          </properties>
        </metaDataFieldPropertyManager>
      </org.mule.common.metadata.DefaultMetaDataField>
    </fields>
  </metadataModel>
</custom__type__definition>